Inquiry,Name,Entry Date
Other,ru,21/04/2025
Other,ru,26/04/2025
Contact My Doctor at Bangkok Hospital Pattaya,ru,05/04/2025
Contact My Doctor at Bangkok Hospital Pattaya,ru,03/04/2025
Estimated Cost,ru,13/04/2025
Estimated Cost,ru,23/04/2025
Estimated Cost,ru,05/04/2025
Estimated Cost,ru,08/04/2025
Contact My Doctor at Bangkok Hospital Pattaya,ru,12/04/2025
Estimated Cost,ru,12/04/2025
Contact My Doctor at Bangkok Hospital Pattaya,ru,18/04/2025
Contact My Doctor at Bangkok Hospital Pattaya,ru,02/04/2025
General Inquiry,ru,10/04/2025
Estimated Cost,ru,03/04/2025
Other,ru,10/04/2025
Estimated Cost,ru,07/04/2025
Contact My Doctor at Bangkok Hospital Pattaya,ru,04/04/2025
Contact My Doctor at Bangkok Hospital Pattaya,ru,17/04/2025
Other,ru,22/04/2025
Estimated Cost,ru,18/04/2025
General Inquiry,ru,14/04/2025
Contact My Doctor at Bangkok Hospital Pattaya,ru,25/04/2025
Other,ru,06/04/2025
Other,ru,22/04/2025
Other,ru,23/04/2025
General Inquiry,ru,09/04/2025
Estimated Cost,ru,24/04/2025
Other,ru,28/04/2025
Other,ru,16/04/2025
General Inquiry,ru,20/04/2025
General Inquiry,ru,21/04/2025
Other,ru,08/04/2025
Other,ru,23/04/2025
General Inquiry,ru,15/04/2025
Other,ru,28/04/2025
Other,ru,21/04/2025
Other,ru,08/04/2025
Contact My Doctor at Bangkok Hospital Pattaya,ru,18/04/2025
Estimated Cost,ru,18/04/2025
Estimated Cost,ru,08/04/2025
Contact My Doctor at Bangkok Hospital Pattaya,ru,30/04/2025
General Inquiry,ru,08/04/2025
General Inquiry,ru,15/04/2025
Contact My Doctor at Bangkok Hospital Pattaya,ru,01/04/2025
Contact My Doctor at Bangkok Hospital Pattaya,ru,04/04/2025
Other,ru,25/04/2025
Other,ru,22/04/2025
Contact My Doctor at Bangkok Hospital Pattaya,ru,27/04/2025
Contact My Doctor at Bangkok Hospital Pattaya,ru,22/04/2025
Estimated Cost,ru,13/04/2025
Estimated Cost,ru,22/04/2025
Contact My Doctor at Bangkok Hospital Pattaya,ru,06/04/2025
Estimated Cost,ru,10/04/2025
General Inquiry,ru,11/04/2025
Other,ru,29/04/2025
Other,ru,22/04/2025
Other,ru,28/04/2025
Other,ru,12/04/2025
Contact My Doctor at Bangkok Hospital Pattaya,ru,08/04/2025
General Inquiry,ru,18/04/2025
Estimated Cost,ru,22/04/2025
General Inquiry,ru,24/04/2025
Other,ru,09/04/2025
General Inquiry,ru,18/04/2025
Other,ru,03/04/2025
Other,ru,25/04/2025
General Inquiry,ru,23/04/2025
General Inquiry,ru,19/04/2025
Other,ru,28/04/2025
General Inquiry,ru,23/04/2025
Estimated Cost,ru,08/04/2025
Other,ru,20/04/2025
Other,ru,27/04/2025
Other,ru,05/04/2025
Contact My Doctor at Bangkok Hospital Pattaya,ru,03/04/2025
Other,ru,03/04/2025
General Inquiry,ru,09/04/2025
General Inquiry,ru,03/04/2025
Estimated Cost,ru,08/04/2025
General Inquiry,ru,03/04/2025
General Inquiry,ru,01/04/2025
General Inquiry,ru,10/04/2025
General Inquiry,ru,19/04/2025
Contact My Doctor at Bangkok Hospital Pattaya,ru,09/04/2025
General Inquiry,ru,12/04/2025
Estimated Cost,ru,08/04/2025
General Inquiry,ru,28/04/2025
Other,ru,20/04/2025
Contact My Doctor at Bangkok Hospital Pattaya,ru,08/04/2025
Other,ru,09/04/2025
Estimated Cost,ru,13/04/2025
Other,ru,01/04/2025
Estimated Cost,ru,03/04/2025
Other,ru,11/04/2025
General Inquiry,ru,16/04/2025
Estimated Cost,ru,28/04/2025
Other,ru,20/04/2025
Other,ru,20/04/2025
Other,ru,05/04/2025
General Inquiry,ru,24/04/2025
